concurrency,request_count,success_count,failure_count,timeout_count,error_count,success_rate,failure_rate,error_rate,timeout_rate,mean_latency_ms,p50_latency_ms,p95_latency_ms,p99_latency_ms,wall_time_s,successful_request_throughput_rps,attempted_request_throughput_rps,output_token_throughput_tps,total_token_throughput_tps,mean_prompt_tokens_success,mean_completion_tokens_success
5,10,10,0,0,0,1.0,0.0,0.0,0.0,30170.33153459197,30141.801484453026,30794.038396416,31162.856531253783,63.06955608096905,0.15855510362498737,0.15855510362498737,162.36042611198707,1748.0700174654858,10001.0,1024.0
10,10,10,0,0,0,1.0,0.0,0.0,0.0,39223.3731920016,39228.31277351361,39321.07320150244,39328.26697714976,41.993413115036674,0.23813258457001385,0.23813258457001385,243.84776659969418,2625.4117448844027,10001.0,1024.0
20,20,20,0,0,0,1.0,0.0,0.0,0.0,55519.87625436159,55528.41604099376,55756.53498861357,55788.93463296699,58.464572116034105,0.3420875117379835,0.3420875117379835,350.2976120196951,3771.514816911268,10001.0,1024.0
40,40,40,0,0,0,1.0,0.0,0.0,0.0,88440.01641997602,82603.5270820139,110176.80763311218,110205.19367810339,112.91162897308823,0.35425934745422677,0.35425934745422677,362.7615717931282,3905.7093056828503,10001.0,1024.0
80,80,48,32,32,0,0.6,0.4,0.0,0.4,106123.51687941555,106910.92737397412,148670.10111855925,151752.40159110865,182.98962287802715,0.26230995640662474,0.43718326067770785,268.60539536038374,2891.9672693830375,10001.0,1024.0
160,160,48,112,112,0,0.3,0.7,0.0,0.7,106213.45513960841,106996.51761999121,148742.7740373183,151944.55424583517,184.00480685103685,0.26086275038922724,0.8695425012974242,267.1234563985687,2876.0118230412304,10001.0,1024.0
