concurrency,request_count,success_count,failure_count,timeout_count,error_count,success_rate,failure_rate,error_rate,timeout_rate,mean_latency_ms,p50_latency_ms,p95_latency_ms,p99_latency_ms,wall_time_s,successful_request_throughput_rps,attempted_request_throughput_rps,output_token_throughput_tps,total_token_throughput_tps,mean_prompt_tokens_success,mean_completion_tokens_success
10,10,10,0,0,0,1.0,0.0,0.0,0.0,49912.217803399835,49916.1335345002,50096.119501750036,50110.78471554978,53.70068524199996,0.18621736305478048,0.18621736305478048,190.6865797680952,3241.8580734206735,16385.0,1024.0
40,40,40,0,0,0,1.0,0.0,0.0,0.0,125612.5477145499,122226.43734850045,151677.48427769993,151751.22036112018,155.36663631899955,0.25745553194491383,0.25745553194491383,263.63446471159176,4482.043355629005,16385.0,1024.0
80,80,28,52,52,0,0.35,0.65,0.0,0.65,119833.32774067872,115132.49187450038,175131.70315209974,177576.24602314,184.03609663099996,0.15214406582498413,0.4346973309285261,155.79552340478375,2648.676041947149,16385.0,1024.0
120,120,29,91,91,0,0.24166666666666667,0.7583333333333333,0.0,0.7583333333333333,122142.58143203448,116318.60158600012,177459.40069780027,179983.45515819997,186.99465293000048,0.15508464838754427,0.6417295795346659,158.80667994884533,2699.8686437787583,16385.0,1024.0
160,160,28,132,132,0,0.175,0.825,0.0,0.825,120384.22707775,115535.16436699966,175555.12310474983,178006.3782817497,186.98361176300023,0.14974574368308655,0.8556899639033517,153.33964153148062,2606.923651778854,16385.0,1024.0
200,200,28,172,172,0,0.14,0.86,0.0,0.86,120373.54196532148,115465.07872399979,175660.6353233498,178058.89287944985,185.99857848600004,0.1505387849085499,1.0752770350610708,154.1517157463551,2620.7297064729455,16385.0,1024.0
300,300,28,272,272,0,0.09333333333333334,0.9066666666666666,0.0,0.9066666666666666,120278.74364785709,115429.88291599977,175501.36110205052,177930.64930894983,186.00625307600058,0.1505325737009467,1.6128490039387147,154.1453554697694,2620.621575559781,16385.0,1024.0
400,400,28,372,372,0,0.07,0.93,0.0,0.93,120262.4991784999,115410.69448849975,175594.2823326497,178069.99726948,185.99791267799992,0.15053932378517426,2.1505617683596325,154.15226755601844,2620.739087776099,16385.0,1024.0
