concurrency,request_count,success_count,failure_count,timeout_count,error_count,success_rate,failure_rate,error_rate,timeout_rate,mean_latency_ms,p50_latency_ms,p95_latency_ms,p99_latency_ms,wall_time_s,successful_request_throughput_rps,attempted_request_throughput_rps,output_token_throughput_tps,total_token_throughput_tps,mean_prompt_tokens_success,mean_completion_tokens_success
10,10,10,0,0,0,1.0,0.0,0.0,0.0,36584.48046179983,36588.179023999604,36674.92522455022,36682.07883531001,54.51037175300007,0.1834513263881682,0.1834513263881682,187.85415822148423,1690.8708753197461,8193.0,1024.0
40,40,40,0,0,0,1.0,0.0,0.0,0.0,78558.99033655,71894.4184969996,98886.97600119971,98918.32049415993,101.34992820099978,0.39467220855520463,0.39467220855520463,404.14434156052954,3637.693746253321,8193.0,1024.0
80,80,72,8,8,0,0.9,0.1,0.0,0.1,119510.701154875,120939.2728124999,173587.65610934974,173658.98017267036,182.75215709199983,0.39397619785004373,0.43775133094449303,403.4316265984448,3631.278615583853,8193.0,1024.0
120,120,64,56,56,0,0.5333333333333333,0.4666666666666667,0.0,0.4666666666666667,113163.39417423442,116739.79274649991,176396.42108050006,179092.10333345973,182.99658601300052,0.34973330046415885,0.6557499383702978,358.12689967529866,3223.491830378152,8193.0,1024.0
160,160,64,96,96,0,0.4,0.6,0.0,0.6,113323.426423625,116909.64953199954,176540.3463112004,179175.25386626026,184.00390738600072,0.34781870075042337,0.8695467518760585,356.16634956843353,3205.844964816652,8193.0,1024.0
200,200,65,135,135,0,0.325,0.675,0.0,0.675,114095.47451763078,117180.98107000059,177261.7248659999,179975.8910320395,184.99375894399964,0.35136320474290417,1.0811175530550896,359.79592165673387,3238.5146581153476,8193.0,1024.0
300,300,64,236,236,0,0.21333333333333335,0.7866666666666666,0.0,0.7866666666666666,113116.87859748438,116683.2763425,176328.18624724995,179002.42691056977,184.99154151899984,0.34596176384327704,1.621695768015361,354.2648461755157,3188.7295773434844,8193.0,1024.0
400,400,64,336,336,0,0.16,0.84,0.0,0.84,113108.2328857657,116625.56522800014,176279.86519435022,178987.20837115968,184.9826093390002,0.34597846915821817,2.1623654322388637,354.2819524180154,3188.883550231297,8193.0,1024.0
