concurrency,request_count,success_count,failure_count,timeout_count,error_count,success_rate,failure_rate,error_rate,timeout_rate,mean_latency_ms,p50_latency_ms,p95_latency_ms,p99_latency_ms,wall_time_s,successful_request_throughput_rps,attempted_request_throughput_rps,output_token_throughput_tps,total_token_throughput_tps,mean_prompt_tokens_success,mean_completion_tokens_success
5,10,10,0,0,0,1.0,0.0,0.0,0.0,60502.35760650248,60484.06108948984,60650.09022078593,60650.27544655488,128.94583294802578,0.0775519438773233,0.0775519438773233,79.41319053037905,855.0101812474893,10001.0,1024.0
10,10,10,0,0,0,1.0,0.0,0.0,0.0,68501.00335980533,68514.73718351917,68666.34826446825,68666.66083445947,71.83439904701663,0.13920907159611454,0.13920907159611454,142.55008931442129,1534.7800143471627,10001.0,1024.0
20,20,20,0,0,0,1.0,0.0,0.0,0.0,84188.98531135346,84264.10887899692,84552.88315686921,84587.06964255602,87.75864838104462,0.2278977669888531,0.2278977669888531,233.3673133965856,2512.572881052106,10001.0,1024.0
40,40,40,0,0,0,1.0,0.0,0.0,0.0,114460.29609040268,114577.23866650485,115092.76226809889,115119.90463631984,118.30822586099384,0.3380999056396803,0.3380999056396803,346.2143033750326,3727.551459677475,10001.0,1024.0
80,80,0,80,80,0,0.0,1.0,0.0,1.0,,,,,184.14703263697447,0.0,0.4344354554857865,0.0,0.0,,
160,160,0,160,160,0,0.0,1.0,0.0,1.0,,,,,184.1014170339913,0.0,0.869086194868661,0.0,0.0,,
