concurrency,request_count,success_count,failure_count,timeout_count,error_count,success_rate,failure_rate,error_rate,timeout_rate,mean_latency_ms,p50_latency_ms,p95_latency_ms,p99_latency_ms,wall_time_s,successful_request_throughput_rps,attempted_request_throughput_rps,output_token_throughput_tps,total_token_throughput_tps,mean_prompt_tokens_success,mean_completion_tokens_success
10,10,10,0,0,0,1.0,0.0,0.0,0.0,80189.03776840016,80202.56576100018,80579.14603645013,80609.50068168991,86.8244185980002,0.11517497221951253,0.11517497221951253,117.93917155278083,3892.1078362139874,32769.0,1024.0
40,40,6,34,34,0,0.15,0.85,0.0,0.85,166709.48311650017,166482.95168150024,177854.29797699998,178866.65765779998,187.07709347199943,0.032072339208637765,0.2138155947242518,32.84207534964507,1083.820558877496,32769.0,1024.0
80,80,6,74,74,0,0.075,0.925,0.0,0.925,166784.91366933347,166548.58403050003,177923.19748200043,178929.7210964005,189.0141408139998,0.03174365671351714,0.4232487561802286,32.505504474641555,1072.713391319885,32769.0,1024.0
120,120,6,114,114,0,0.05,0.95,0.0,0.95,166765.01052850002,166539.57383450004,177884.42050925005,178893.09755145005,188.98379094600023,0.031748754588770134,0.6349750917754027,32.51072469890062,1072.885663818309,32769.0,1024.0
160,160,6,154,154,0,0.0375,0.9625,0.0,0.9625,167010.17585950028,166771.01334150074,178180.49918400016,179192.90960240038,188.9866485399998,0.03174827452813459,0.8466206540835891,32.51023311680982,1072.8694411292522,32769.0,1024.0
200,200,6,194,194,0,0.03,0.97,0.0,0.97,166822.9662340006,166603.29734550032,177962.3521922508,178966.09046965087,188.99807178300034,0.03174635562890265,1.058211854296755,32.50826816399631,1072.8045957675072,32769.0,1024.0
300,300,6,294,294,0,0.02,0.98,0.0,0.98,167089.12133466674,166865.6092475003,178255.55727374967,179270.6047395496,189.00697269599914,0.031744860596494846,1.5872430298247422,32.50673725081072,1072.7540741373502,32769.0,1024.0
400,400,6,394,394,0,0.015,0.985,0.0,0.985,167162.56777416644,166937.9404370002,178307.29877874907,179320.86041574876,188.97832986600042,0.03174967206162973,2.1166448041086485,32.51166419110884,1072.9166679786533,32769.0,1024.0
