concurrency,request_count,success_count,failure_count,timeout_count,error_count,success_rate,failure_rate,error_rate,timeout_rate,mean_latency_ms,p50_latency_ms,p95_latency_ms,p99_latency_ms,wall_time_s,successful_request_throughput_rps,attempted_request_throughput_rps,output_token_throughput_tps,total_token_throughput_tps,mean_prompt_tokens_success,mean_completion_tokens_success
5,10,10,0,0,0,1.0,0.0,0.0,0.0,53723.667774000205,53709.002863033675,53780.03611807944,53780.20302918041,111.55913358996622,0.0896385591945778,0.0896385591945778,91.78988461524767,275.45929240493757,2049.0,1024.0
10,10,10,0,0,0,1.0,0.0,0.0,0.0,58459.935085702455,58482.249665481504,58483.25542817183,58483.33984565048,61.469433565973304,0.16268248168038346,0.16268248168038346,166.58686124071266,499.92326620381834,2049.0,1024.0
20,20,20,0,0,0,1.0,0.0,0.0,0.0,67825.09007513872,67832.41283349344,67876.56379865366,67877.23978292546,70.87672286998713,0.2821800894588064,0.2821800894588064,288.95241160581776,867.1394149069121,2049.0,1024.0
40,40,40,0,0,0,1.0,0.0,0.0,0.0,83235.00202192663,83237.0307475212,83419.3412235356,83420.14109534095,86.43775242503034,0.4627607599433247,0.4627607599433247,473.8670181819645,1422.063815305837,2049.0,1024.0
80,80,80,0,0,0,1.0,0.0,0.0,0.0,117575.9801993743,117427.63223301154,119353.39230419486,119986.00116854359,123.22800909797661,0.6492030552598905,0.6492030552598905,664.7839285861279,1995.0009888136435,2049.0,1024.0
160,160,82,78,78,0,0.5125,0.4875,0.0,0.4875,174480.28580691287,173856.17708801874,178615.4407960974,180285.43047742918,183.89581839297898,0.4459046470799507,0.8700578479608794,456.6063586098695,1370.2649804766886,2049.0,1024.0
