concurrency,request_count,success_count,failure_count,timeout_count,error_count,success_rate,failure_rate,error_rate,timeout_rate,mean_latency_ms,p50_latency_ms,p95_latency_ms,p99_latency_ms,wall_time_s,successful_request_throughput_rps,attempted_request_throughput_rps,output_token_throughput_tps,total_token_throughput_tps,mean_prompt_tokens_success,mean_completion_tokens_success
10,30,30,0,0,0,1.0,0.0,0.0,0.0,58465.43263903586,58472.44246449554,58549.44795607007,58549.4655064831,179.47863217495615,0.16715081698837517,0.16715081698837517,171.16243659609617,513.6544606052769,2049.0,1024.0
20,30,30,0,0,0,1.0,0.0,0.0,0.0,64159.400341066066,67205.3584990208,67294.80043184594,67295.41592796042,128.29182239202783,0.2338418726980702,0.2338418726980702,239.45407764282388,718.5960748011696,2049.0,1024.0
50,50,50,0,0,0,1.0,0.0,0.0,0.0,93037.10915725328,93038.75197749585,93238.01159475406,93238.36208368419,96.2576855290099,0.5194390424537179,0.5194390424537179,531.9055794726071,1596.236177460275,2049.0,1024.0
100,100,100,0,0,0,1.0,0.0,0.0,0.0,138918.1131937704,137135.34063048428,147544.08582400065,149299.59305195138,152.64322833699407,0.6551224125005246,0.6551224125005246,670.8453504005372,2013.1911736141121,2049.0,1024.0
200,200,0,200,200,0,0.0,1.0,0.0,1.0,,,,,184.1469377509784,0.0,1.0860891983469183,0.0,0.0,,
500,500,0,500,500,0,0.0,1.0,0.0,1.0,,,,,184.09831316798227,0.0,2.715940148478005,0.0,0.0,,
