concurrency,request_count,success_count,failure_count,timeout_count,error_count,success_rate,failure_rate,error_rate,timeout_rate,mean_latency_ms,p50_latency_ms,p95_latency_ms,p99_latency_ms,wall_time_s,successful_request_throughput_rps,attempted_request_throughput_rps,output_token_throughput_tps,total_token_throughput_tps,mean_prompt_tokens_success,mean_completion_tokens_success
5,10,10,0,0,0,1.0,0.0,0.0,0.0,77885.35066429758,77900.43990249978,78279.25932908547,78300.17660025158,168.5836364129791,0.05931773814335701,0.05931773814335701,60.74136385879758,653.9780630305111,10001.0,1024.0
10,10,10,0,0,0,1.0,0.0,0.0,0.0,149446.99058409315,149492.10137303453,149669.106533,149691.98544736835,154.02906544401776,0.06492281162112565,0.06492281162112565,66.48095910003266,715.7739981229104,10001.0,1024.0
20,20,20,0,0,0,1.0,0.0,0.0,0.0,123574.45973129361,123617.06233542645,123926.74147039652,123927.41118926555,128.24322564003523,0.15595365681254636,0.15595365681254636,159.69654457604747,1719.3890663583236,10001.0,1024.0
40,40,40,0,0,0,1.0,0.0,0.0,0.0,170309.5859317371,170473.6138129956,171030.4763488064,171031.43385422067,175.36485956597608,0.2280958688017603,0.2280958688017603,233.57016965300255,2514.7569535394073,10001.0,1024.0
80,80,0,80,80,0,0.0,1.0,0.0,1.0,,,,,184.98608205199707,0.0,0.4324649677023436,0.0,0.0,,
160,160,0,160,160,0,0.0,1.0,0.0,1.0,,,,,186.0891123820329,0.0,0.8598031230947403,0.0,0.0,,
240,240,0,240,240,0,0.0,1.0,0.0,1.0,,,,,185.99975400196854,0.0,1.2903242871894334,0.0,0.0,,
