concurrency,request_count,success_count,failure_count,timeout_count,error_count,success_rate,failure_rate,error_rate,timeout_rate,mean_latency_ms,p50_latency_ms,p95_latency_ms,p99_latency_ms,wall_time_s,successful_request_throughput_rps,attempted_request_throughput_rps,output_token_throughput_tps,total_token_throughput_tps,mean_prompt_tokens_success,mean_completion_tokens_success
10,10,10,0,0,0,1.0,0.0,0.0,0.0,113400.04024859991,113427.93445999996,114023.4710990003,114070.41849739972,123.04332104700006,0.08127218864793322,0.08127218864793322,83.22272117548361,4063.6094323966604,48976.0,1024.0
40,40,0,40,40,0,0.0,1.0,0.0,1.0,,,,,189.88671402399996,0.0,0.21065191530432384,0.0,0.0,,
80,80,0,80,80,0,0.0,1.0,0.0,1.0,,,,,192.06777094599965,0.0,0.4165196461955723,0.0,0.0,,
120,120,0,120,120,0,0.0,1.0,0.0,1.0,,,,,191.93964437500108,0.0,0.6251965319137022,0.0,0.0,,
160,160,0,160,160,0,0.0,1.0,0.0,1.0,,,,,192.94255681699906,0.0,0.8292623599455863,0.0,0.0,,
200,200,0,200,200,0,0.0,1.0,0.0,1.0,,,,,192.00092195099933,0.0,1.0416616647863917,0.0,0.0,,
300,300,0,300,300,0,0.0,1.0,0.0,1.0,,,,,192.1037628289996,0.0,1.5616560320426611,0.0,0.0,,
400,400,0,400,400,0,0.0,1.0,0.0,1.0,,,,,192.89166319799915,0.0,2.073702892951929,0.0,0.0,,
