concurrency,request_count,success_count,failure_count,timeout_count,error_count,success_rate,failure_rate,error_rate,timeout_rate,mean_latency_ms,p50_latency_ms,p95_latency_ms,p99_latency_ms,wall_time_s,successful_request_throughput_rps,attempted_request_throughput_rps,output_token_throughput_tps,total_token_throughput_tps,mean_prompt_tokens_success,mean_completion_tokens_success
5,10,10,0,0,0,1.0,0.0,0.0,0.0,73682.82203971175,73650.05112357903,74207.11461881874,74207.60183093837,154.29426707001403,0.06481122202331928,0.06481122202331928,66.36669135187894,197.60941594910048,2025.0,1024.0
10,10,10,0,0,0,1.0,0.0,0.0,0.0,127353.43023969326,127359.45754800923,127414.62160560186,127414.75686190068,131.46230337605812,0.07606743334927142,0.07606743334927142,77.89305174965394,231.92960428192856,2025.0,1024.0
20,20,20,0,0,0,1.0,0.0,0.0,0.0,115785.74473759509,115805.78475043876,115878.96550768637,115879.82184159686,119.92923790193163,0.16676500534718958,0.16676500534718958,170.76736547552213,508.466501303581,2025.0,1024.0
40,40,40,0,0,0,1.0,0.0,0.0,0.0,126293.6337322928,126355.89286801405,126410.98931485321,126411.1639861099,130.4753642489668,0.3065712843972133,0.3065712843972133,313.92899522274644,934.7358461271034,2025.0,1024.0
80,80,0,80,80,0,0.0,1.0,0.0,1.0,,,,,185.0615140158916,0.0,0.432288692899866,0.0,0.0,,
160,160,0,160,160,0,0.0,1.0,0.0,1.0,,,,,185.88998265890405,0.0,0.8607241644300411,0.0,0.0,,
240,240,0,240,240,0,0.0,1.0,0.0,1.0,,,,,186.00265618704725,0.0,1.2903041543592375,0.0,0.0,,
