concurrency,request_count,success_count,failure_count,timeout_count,error_count,success_rate,failure_rate,error_rate,timeout_rate,mean_latency_ms,p50_latency_ms,p95_latency_ms,p99_latency_ms,wall_time_s,successful_request_throughput_rps,attempted_request_throughput_rps,output_token_throughput_tps,total_token_throughput_tps,mean_prompt_tokens_success,mean_completion_tokens_success
5,10,10,0,0,0,1.0,0.0,0.0,0.0,23803.92163938377,23785.80478799995,23841.15828901413,23841.59802180133,49.24101108300965,0.2030827511470504,0.2030827511470504,207.95673717457962,619.1993082473566,2025.0,1024.0
10,10,10,0,0,0,1.0,0.0,0.0,0.0,26662.89818850346,26665.3211255325,26683.828287216602,26688.021039109444,28.2694475739263,0.35373878367624273,0.35373878367624273,362.22851448447256,1078.549551428864,2025.0,1024.0
20,20,20,0,0,0,1.0,0.0,0.0,0.0,31388.34741775063,31395.22756804945,31435.381167253945,31436.860999029595,33.02064080501441,0.605681764872439,0.605681764872439,620.2181272293775,1846.7237010960664,2025.0,1024.0
40,40,40,0,0,0,1.0,0.0,0.0,0.0,45587.172468117205,36192.884880525526,62048.91337932204,62054.55486663617,63.647025280981325,0.6284661352736086,0.6284661352736086,643.5493225201752,1916.193246449233,2025.0,1024.0
80,80,80,0,0,0,1.0,0.0,0.0,0.0,72956.08497720532,68021.06977248332,123608.39910626528,123625.1064467465,125.25283809704706,0.6387080821116026,0.6387080821116026,654.037076082281,1947.4209423582763,2025.0,1024.0
160,160,120,40,40,0,0.75,0.25,0.0,0.25,100400.25465923827,99919.0346049727,167618.14107187092,168627.99942574115,182.23890772706363,0.6584762908024127,0.8779683877365502,674.2797217816706,2007.6942106565562,2025.0,1024.0
